<?xml version="1.0" encoding="UTF-8"?>
<!DOCTYPE suite SYSTEM "https://testng.org/testng-1.0.dtd">
<suite name="Suite">
	<test thread-count="5" name="Test">
    	<classes>
      		<!-- <class name="com.testing.cpsat.mock.Question3"/> -->
      		<!-- <class name="com.testing.cpsat.mock.junit.Question1_Junit.java"/> -->
      		<!-- <class name="com.testing.cpsat.mock.junit.Question2_Junit.java"/> -->
      		
      		<class name="com.testing.cpsat.mock.Question2_Rahul"/>
      		
    	</classes>
  	</test> <!-- Test -->
</suite> <!-- Suite -->